"","input","filtered","denoisedF","denoisedR","merged","nonchim","Tot_Perc_Retained"
"3001_264_L001_R1_001.fastq.gz",24087,23607,23114,23207,21541,21420,0.889276373147341
"3002_199_L001_R1_001.fastq.gz",20085,19735,19382,19360,18023,18013,0.896838436644262
"3003_284_L001_R1_001.fastq.gz",27864,26906,26316,26514,24073,24073,0.863946310651737
"3004_263_L001_R1_001.fastq.gz",21323,20821,20310,20448,18687,18641,0.87422032547015
"3005_335_L001_R1_001.fastq.gz",32049,31323,30766,30918,28697,28572,0.891509875503136
"3006_208_L001_R1_001.fastq.gz",19948,19627,19410,19495,18811,18611,0.932975736915982
"3007_122_L001_R1_001.fastq.gz",22059,21526,21079,21185,19539,19521,0.884944920440636
"3008_55_L001_R1_001.fastq.gz",20811,20327,19922,20067,18419,18397,0.884003651914853
"3009_228_L001_R1_001.fastq.gz",28178,27524,27098,27268,25682,25132,0.891901483426787
"3010_22_L001_R1_001.fastq.gz",26633,26087,25464,25738,23220,23217,0.871738069312507
"3011_21_L001_R1_001.fastq.gz",23460,22732,22108,22346,20349,20324,0.866325660699062
"3012_136_L001_R1_001.fastq.gz",24761,24278,23724,23898,21784,21769,0.879164815637494
"3013_68_L001_R1_001.fastq.gz",25782,25214,24598,24783,22559,22534,0.874020634551237
"3015_377_L001_R1_001.fastq.gz",27541,26908,26439,26595,25707,25620,0.930249446280092
"3016_72_L001_R1_001.fastq.gz",15589,15214,14800,14916,13499,13470,0.864070819167362
"3017_30_L001_R1_001.fastq.gz",20425,19961,19516,19652,17937,17929,0.877796817625459
"3018_392_L001_R1_001.fastq.gz",11034,10930,10599,10682,9588,9588,0.868950516585101
"3019_6_L001_R1_001.fastq.gz",28319,27777,27328,27464,25530,25462,0.899113669267983
"3021_223_L001_R1_001.fastq.gz",27806,27239,26795,26905,25443,25251,0.908113356829461
"3022_49_L001_R1_001.fastq.gz",34102,33313,32721,32941,30922,30375,0.890710222274353
"3023_63_L001_R1_001.fastq.gz",35781,35007,34320,34480,32350,32169,0.899052569799614
"3025_339_L001_R1_001.fastq.gz",22474,22039,21467,21584,19455,19422,0.864198629527454
"3026_124_L001_R1_001.fastq.gz",19062,18633,18172,18275,16516,16492,0.865176791522401
"3027_94_L001_R1_001.fastq.gz",50556,49670,49163,49007,47405,47290,0.935398370124219
"3028_239_L001_R1_001.fastq.gz",22962,22541,22095,22204,20861,20831,0.907194495253027
"3029_294_L001_R1_001.fastq.gz",17769,17330,16722,17005,15235,15224,0.856773031684394
"3030_16_L001_R1_001.fastq.gz",17521,17166,16692,16849,15219,15211,0.868158210147823
"3031_265_L001_R1_001.fastq.gz",23010,22587,22074,22142,20353,20300,0.882225119513255
"3032_352_L001_R1_001.fastq.gz",10688,10444,10011,10166,8762,8762,0.819797904191617
"3033_150_L001_R1_001.fastq.gz",27133,26532,26007,26092,24823,24731,0.911473113920318
"3034_238_L001_R1_001.fastq.gz",26469,25701,25325,25473,24387,24200,0.914277078846953
"3036_23_L001_R1_001.fastq.gz",29394,28778,28277,28327,26254,26216,0.891882697149078
"3037_28_L001_R1_001.fastq.gz",43175,42391,41639,41811,38793,38744,0.897371163867979
"3038_147_L001_R1_001.fastq.gz",28738,28204,27744,27878,26174,26050,0.906465307258682
"3039_111_L001_R1_001.fastq.gz",37075,36346,35701,35799,33217,33152,0.894187457855698
"3040_97_L001_R1_001.fastq.gz",33968,33158,32213,32698,29762,29748,0.875765426283561
"3041_164_L001_R1_001.fastq.gz",28835,28253,27800,27965,25953,25387,0.880423096930813
"3042_364_L001_R1_001.fastq.gz",9969,9800,9496,9465,8303,8292,0.831778513391514
"3043_358_L001_R1_001.fastq.gz",15430,15216,14951,14910,13698,13693,0.887427090084251
"3044_341_L001_R1_001.fastq.gz",38945,37985,37102,37269,34718,34671,0.890255488509436
"3045_7_L001_R1_001.fastq.gz",33577,32741,32105,32239,29447,29342,0.87387199571135
"3046_240_L001_R1_001.fastq.gz",37399,36558,35858,35930,33577,33466,0.894836760341186
"3047_64_L001_R1_001.fastq.gz",37082,36462,35874,35847,32936,32876,0.886575697103716
"3048_211_L001_R1_001.fastq.gz",31567,31052,30605,30602,28728,28697,0.909082269458612
"3049_196_L001_R1_001.fastq.gz",51775,50217,49475,49631,46729,46459,0.897324963785611
"3050_41_L001_R1_001.fastq.gz",31882,31403,31001,31017,29293,29173,0.915030424691048
"3051_3_L001_R1_001.fastq.gz",45100,44228,43292,43724,40200,40076,0.88860310421286
"3052_17_L001_R1_001.fastq.gz",37101,36229,35770,35855,33676,33197,0.894773725775586
"3053_207_L001_R1_001.fastq.gz",24217,23850,23254,23478,22337,22099,0.912540777140026
"3054_39_L001_R1_001.fastq.gz",28120,27542,26911,27063,24500,24394,0.867496443812233
"3055_126_L001_R1_001.fastq.gz",24157,23668,23202,23288,21448,21368,0.884546922217163
"3056_90_L001_R1_001.fastq.gz",23058,22560,22032,22256,20318,20132,0.873102610807529
"3057_53_L001_R1_001.fastq.gz",23930,23476,23012,23086,21131,21128,0.882908483075637
"3058_12_L001_R1_001.fastq.gz",21603,21111,20533,20758,18757,18757,0.868259038096561
"3059_376_L001_R1_001.fastq.gz",5611,5539,5521,5488,5446,5364,0.955979326323294
"3060_313_L001_R1_001.fastq.gz",26222,25528,25027,25176,23129,23046,0.878880329494318
"3061_14_L001_R1_001.fastq.gz",29758,29024,28360,28690,26133,25962,0.872437663821493
"3062_77_L001_R1_001.fastq.gz",46946,45787,44936,45105,41268,41221,0.878051378179185
"3063_113_L001_R1_001.fastq.gz",27681,27253,26788,26797,24757,24438,0.882843827896391
"3064_173_L001_R1_001.fastq.gz",32638,32065,31425,31623,29107,28931,0.886420736564741
"3065_218_L001_R1_001.fastq.gz",18443,18146,17796,17820,16516,16504,0.894865260532451
"3066_217_L001_R1_001.fastq.gz",8498,8399,8158,8181,7489,7487,0.881030830783714
"3067_351_L001_R1_001.fastq.gz",19801,19292,18821,18937,17264,17121,0.864653300338367
"3068_134_L001_R1_001.fastq.gz",27271,26671,26096,26313,24374,24324,0.89193648931099
"3069_247_L001_R1_001.fastq.gz",24486,24110,23740,23776,22333,22323,0.911663807890223
"3071_202_L001_R1_001.fastq.gz",22803,22266,21738,21814,19715,19700,0.863921413849055
"3072_108_L001_R1_001.fastq.gz",11837,11696,11355,11430,10431,10431,0.881219903691814
"3073_372_L001_R1_001.fastq.gz",20637,20246,19802,19886,17958,17898,0.867277220526239
"3074_62_L001_R1_001.fastq.gz",40291,39525,38857,39018,36170,35792,0.888337345809238
"3075_11_L001_R1_001.fastq.gz",38223,37240,36538,36776,34100,33908,0.887109855322711
"3076_137_L001_R1_001.fastq.gz",38050,37207,36565,36787,34085,33620,0.883574244415243
"3077_104_L001_R1_001.fastq.gz",49861,48694,48097,48192,45238,45053,0.903571929965304
"3078_154_L001_R1_001.fastq.gz",24219,23657,23127,23280,21365,21070,0.869978116354928
"3079_166_L001_R1_001.fastq.gz",23272,22928,22522,22623,21212,20972,0.901168786524579
"3080_273_L001_R1_001.fastq.gz",20971,20601,20041,20275,18131,18067,0.861523055648276
"3081_277_L001_R1_001.fastq.gz",25904,25345,24770,24865,22474,22429,0.865850833848054
"3082_232_L001_R1_001.fastq.gz",20608,20139,19657,19761,18104,18073,0.87698951863354
"3083_297_L001_R1_001.fastq.gz",23701,23341,22797,22866,21004,20996,0.885869794523438
"3084_260_L001_R1_001.fastq.gz",10714,10584,10319,10349,9342,9328,0.870636550308008
"3085_309_L001_R1_001.fastq.gz",30443,29790,29277,29285,27147,27136,0.891370758466643
"3086_110_L001_R1_001.fastq.gz",50015,49229,48606,48639,45984,45924,0.918204538638408
"3087_296_L001_R1_001.fastq.gz",28904,28328,27763,27943,25901,25571,0.884687240520343
"3088_118_L001_R1_001.fastq.gz",28472,27931,27364,27479,25347,25258,0.887117167743748
"3089_213_L001_R1_001.fastq.gz",21948,21528,21120,21195,19635,19618,0.893839985420084
"3090_133_L001_R1_001.fastq.gz",26191,25669,25105,25330,23102,23077,0.881104196097896
"3091_395_L001_R1_001.fastq.gz",6157,6056,5816,5877,5204,5204,0.845216826376482
"3092_298_L001_R1_001.fastq.gz",15894,15650,15298,15368,13912,13887,0.873725934314836
"3093_291_L001_R1_001.fastq.gz",20482,20038,19568,19757,18159,18136,0.885460404257397
"3094_140_L001_R1_001.fastq.gz",26988,26433,25948,26055,24011,23994,0.889061805246776
"3095_317_L001_R1_001.fastq.gz",20264,19960,19591,19727,18614,18566,0.916206079747335
"3096_114_L001_R1_001.fastq.gz",28492,28056,27638,27742,25729,25606,0.898708409378071
"3097_13_L001_R1_001.fastq.gz",30121,29529,28832,28953,26123,26109,0.866803890973075
"3098_66_L001_R1_001.fastq.gz",30875,30125,29525,29751,26989,26870,0.870283400809717
"3099_233_L001_R1_001.fastq.gz",41503,40960,40394,40529,39081,38841,0.935860058309038
"3100_285_L001_R1_001.fastq.gz",31743,31196,30843,30815,29606,29531,0.930315345115459
"3101_42_L001_R1_001.fastq.gz",30993,30463,30010,30141,28293,28171,0.908947181621657
"3103_191_L001_R1_001.fastq.gz",23979,23540,23028,23242,21341,21319,0.889069602568914
"3104_194_L001_R1_001.fastq.gz",14728,14423,14202,14204,13589,13554,0.920287887017925
"3105_276_L001_R1_001.fastq.gz",18194,17879,17537,17544,16503,16494,0.906562603055952
"3106_44_L001_R1_001.fastq.gz",36554,35887,35503,35552,34288,34124,0.933523007058051
"3108_78_L001_R1_001.fastq.gz",13862,13602,13227,13323,12022,12015,0.866758043572356
"3109_353_L001_R1_001.fastq.gz",18615,18266,17997,17950,17172,17065,0.916733816814397
"3110_250_L001_R1_001.fastq.gz",29616,29007,28377,28630,26176,26142,0.882698541329011
"3111_195_L001_R1_001.fastq.gz",29679,28874,28544,28603,27734,27532,0.92765928771185
"3112_300_L001_R1_001.fastq.gz",29442,28935,28522,28672,27700,27504,0.934175667413898
"3114_15_L001_R1_001.fastq.gz",38665,37958,37450,37544,36069,35814,0.926264063106168
"3115_25_L001_R1_001.fastq.gz",41374,40649,40354,40329,39481,39304,0.94996857930101
"3116_183_L001_R1_001.fastq.gz",34021,33319,32864,32834,31435,31334,0.921019370388877
"3117_237_L001_R1_001.fastq.gz",15523,15257,15098,15116,14697,14683,0.945886748695484
"3118_272_L001_R1_001.fastq.gz",21927,21593,21242,21317,20155,20144,0.918684726592785
"3119_278_L001_R1_001.fastq.gz",18396,17945,17479,17609,15689,15689,0.852848445314199
"3121_304_L001_R1_001.fastq.gz",22452,22060,21805,21806,21139,21116,0.940495278817032
"3122_206_L001_R1_001.fastq.gz",18492,18175,17833,17831,16718,16636,0.899632273415531
"3123_170_L001_R1_001.fastq.gz",16394,16044,15730,15811,15044,14934,0.91094302793705
"3124_227_L001_R1_001.fastq.gz",13404,13180,13045,13047,12720,12707,0.948000596836765
"3125_252_L001_R1_001.fastq.gz",23841,23291,22769,22909,21329,21296,0.893251122016694
"3126_301_L001_R1_001.fastq.gz",18320,17966,17710,17781,16887,16847,0.919596069868996
"3127_79_L001_R1_001.fastq.gz",22704,22298,21947,22030,21265,21233,0.935209654686399
"3128_314_L001_R1_001.fastq.gz",26443,25896,25296,25306,23498,23485,0.88813674696517
"3129_346_L001_R1_001.fastq.gz",21308,21019,20759,20667,19753,19688,0.923972217007697
"3130_5_L001_R1_001.fastq.gz",27157,26694,26251,26382,24336,24266,0.893544942372132
"3131_288_L001_R1_001.fastq.gz",42919,42006,41038,41493,37995,37960,0.884456767399054
"3132_311_L001_R1_001.fastq.gz",14413,14192,13832,13964,12970,12967,0.899673905501977
"3133_27_L001_R1_001.fastq.gz",19887,19490,19038,19137,17534,17488,0.879368431638759
"3134_35_L001_R1_001.fastq.gz",27498,27071,26575,26773,24867,24531,0.892101243726817
"3135_253_L001_R1_001.fastq.gz",21822,21335,20825,21107,19093,18973,0.869443680689213
"3136_270_L001_R1_001.fastq.gz",21328,21034,20857,20821,20368,20350,0.954144786196549
"3137_67_L001_R1_001.fastq.gz",18228,17908,17730,17675,16893,16859,0.924895764757516
"3138_189_L001_R1_001.fastq.gz",19353,18906,18461,18612,16955,16939,0.875264816824265
"3139_76_L001_R1_001.fastq.gz",22286,21771,21200,21422,19149,19149,0.859238984115588
"3140_255_L001_R1_001.fastq.gz",19137,18795,18570,18546,17878,17784,0.929299263207399
"3142_306_L001_R1_001.fastq.gz",20331,19989,19693,19726,18868,18835,0.926417785647533
"3143_271_L001_R1_001.fastq.gz",29827,29370,29013,29026,27842,27808,0.932309652328427
"3144_84_L001_R1_001.fastq.gz",29583,28811,28012,28373,25700,25694,0.868539363823818
"3145_302_L001_R1_001.fastq.gz",23462,22840,22517,22426,21412,21232,0.904952689455289
"3146_329_L001_R1_001.fastq.gz",29653,29063,28717,28758,27520,27374,0.923144369878259
"3147_32_L001_R1_001.fastq.gz",27819,27250,26847,26993,25969,25846,0.929077249361947
"3148_46_L001_R1_001.fastq.gz",22113,21706,21157,21387,19272,19264,0.871161760050649
"3149_330_L001_R1_001.fastq.gz",16669,16400,16002,16082,14573,14557,0.873297738316636
"3150_20_L001_R1_001.fastq.gz",27131,26698,26396,26427,25468,25368,0.935018981976337
"3152_267_L001_R1_001.fastq.gz",32200,31543,31003,31255,30227,30121,0.935434782608696
"3155_179_L001_R1_001.fastq.gz",21146,20675,20365,20442,19845,19750,0.933982786342571
"3156_242_L001_R1_001.fastq.gz",12848,12638,12281,12379,11122,11118,0.865348692403487
"3157_139_L001_R1_001.fastq.gz",24296,23520,23012,23165,21352,21305,0.876893315772144
"3159_325_L001_R1_001.fastq.gz",22712,22317,21937,21987,20443,20427,0.899392391687214
"3160_266_L001_R1_001.fastq.gz",21304,20822,20405,20577,18920,18917,0.88795531355614
"3161_8_L001_R1_001.fastq.gz",25077,24446,23999,24108,22341,22285,0.888662918211907
"3162_102_L001_R1_001.fastq.gz",23475,23014,22744,22771,22130,22086,0.940830670926518
"3163_190_L001_R1_001.fastq.gz",16723,16422,16142,16188,15287,15209,0.909466004903426
"3164_340_L001_R1_001.fastq.gz",10119,9883,9547,9702,8603,8603,0.850182824389762
"4001_219_L001_R1_001.fastq.gz",22270,21754,21432,21542,20634,20469,0.919128872923215
"4002_322_L001_R1_001.fastq.gz",17045,16758,16542,16557,15805,15784,0.92601936051628
"4003_4_L001_R1_001.fastq.gz",22864,22336,22092,22095,21223,21164,0.925647305808257
"4004_229_L001_R1_001.fastq.gz",17498,17204,16972,17069,16314,16224,0.927191679049034
"4005_200_L001_R1_001.fastq.gz",25176,24673,24358,24391,23287,22954,0.911741340959644
"4006_216_L001_R1_001.fastq.gz",20315,19980,19780,19824,19032,18949,0.93275904504061
"4007_396_L001_R1_001.fastq.gz",2036,1993,1926,1967,1779,1779,0.8737721021611
"4008_116_L001_R1_001.fastq.gz",32808,31862,31396,31584,29903,29729,0.906150938795416
"4009_336_L001_R1_001.fastq.gz",22689,22245,22036,22114,21237,21143,0.931861254352329
"4010_315_L001_R1_001.fastq.gz",23155,22589,22197,22243,21062,21025,0.908011228676312
"4011_57_L001_R1_001.fastq.gz",27466,26861,26593,26634,25786,25646,0.933736255734362
"4012_348_L001_R1_001.fastq.gz",21624,21259,21076,21027,20166,20094,0.929245283018868
"4013_331_L001_R1_001.fastq.gz",21908,21454,21225,21259,20547,20189,0.921535512141683
"4014_342_L001_R1_001.fastq.gz",24927,24355,24026,24105,23260,23242,0.932402615637662
"4015_180_L001_R1_001.fastq.gz",20544,20130,19930,19950,19015,18931,0.921485591900312
"4016_295_L001_R1_001.fastq.gz",20711,20298,20102,20145,19324,19295,0.931630534498576
"4017_47_L001_R1_001.fastq.gz",21527,21115,20859,20941,20003,19941,0.926325080131927
"4018_349_L001_R1_001.fastq.gz",22157,21728,21519,21544,20617,20575,0.928600442298145
"4019_81_L001_R1_001.fastq.gz",32044,31253,30920,30909,29289,29103,0.908219947572088
"4020_10_L001_R1_001.fastq.gz",38805,37787,37297,37372,35742,35641,0.91846411544904
"4021_1_L001_R1_001.fastq.gz",26978,26370,25954,26024,24696,24636,0.913188523982504
"4022_130_L001_R1_001.fastq.gz",31677,30827,30378,30583,29308,29197,0.921709757868485
"4023_161_L001_R1_001.fastq.gz",24321,23743,23509,23508,22580,22527,0.926236585666708
"4024_222_L001_R1_001.fastq.gz",24706,24153,23917,23824,22911,22826,0.923905124261313
"4025_382_L001_R1_001.fastq.gz",23319,22733,22386,22491,21554,21533,0.923410094772503
"4026_129_L001_R1_001.fastq.gz",22056,21605,21266,21344,20165,20031,0.908188248095756
"4027_165_L001_R1_001.fastq.gz",22628,22266,22019,22101,21284,21220,0.93777620646986
"4028_308_L001_R1_001.fastq.gz",26390,25807,25440,25403,24182,24020,0.910193255020841
"4029_99_L001_R1_001.fastq.gz",27378,26649,26282,26361,24836,24774,0.904887135656366
"4030_100_L001_R1_001.fastq.gz",19918,19463,19191,19295,18228,18224,0.914951300331359
"4031_138_L001_R1_001.fastq.gz",23139,22723,22478,22551,21539,21417,0.925580189290808
"4032_203_L001_R1_001.fastq.gz",21933,21465,21302,21324,20664,20460,0.932840924634113
"4033_167_L001_R1_001.fastq.gz",21334,20952,20780,20723,20065,20044,0.939533139589388
"4034_178_L001_R1_001.fastq.gz",26674,26085,25755,25700,24610,24559,0.920709304941141
"4035_95_L001_R1_001.fastq.gz",25032,24321,23934,24011,22675,22570,0.901645893256631
"4036_148_L001_R1_001.fastq.gz",37412,36555,36060,36115,34688,34418,0.919972201432695
"4037_258_L001_R1_001.fastq.gz",20084,19743,19490,19363,18312,18299,0.911123282214698
"4038_251_L001_R1_001.fastq.gz",27526,26892,26512,26621,25408,25336,0.920438857807164
"4039_18_L001_R1_001.fastq.gz",8683,8556,8460,8432,8075,8067,0.929056777611425
"4040_120_L001_R1_001.fastq.gz",29468,28707,28327,28476,27195,27120,0.920320347495588
"4041_80_L001_R1_001.fastq.gz",25453,24913,24570,24706,23702,23528,0.924370408203355
"4042_188_L001_R1_001.fastq.gz",35103,34320,33722,33886,32556,32463,0.924792752756175
"4043_321_L001_R1_001.fastq.gz",31114,30294,29910,29745,27975,27953,0.898405862312785
"4044_107_L001_R1_001.fastq.gz",19595,19107,18905,18910,17991,17939,0.915488645062516
"4045_159_L001_R1_001.fastq.gz",24521,23988,23690,23714,22603,22552,0.91970148036377
"4046_123_L001_R1_001.fastq.gz",28884,28257,27720,27964,26673,26644,0.922448414347043
"4047_182_L001_R1_001.fastq.gz",16252,16053,15906,15861,15304,15204,0.935515628845681
"4048_198_L001_R1_001.fastq.gz",36386,35506,34999,34399,32324,32204,0.885065684603969
"4049_275_L001_R1_001.fastq.gz",31651,30928,30546,30403,28849,28633,0.904647562478279
"4050_58_L001_R1_001.fastq.gz",37718,36771,36316,36172,34554,34213,0.907073545787157
"4051_347_L001_R1_001.fastq.gz",29246,28751,28514,28276,27111,26875,0.918929084319223
"4052_359_L001_R1_001.fastq.gz",26278,25686,25297,25183,23711,23577,0.897214399878225
"4053_332_L001_R1_001.fastq.gz",20242,19771,19468,19643,18916,18729,0.925254421499852
"4054_162_L001_R1_001.fastq.gz",36251,35617,35207,35246,33797,33615,0.927284764558219
"4055_131_L001_R1_001.fastq.gz",12468,12083,11862,11883,11200,11153,0.894529996791787
"4056_290_L001_R1_001.fastq.gz",15261,14764,14448,14612,13751,13728,0.899547867112247
"4057_121_L001_R1_001.fastq.gz",22759,22175,21822,21875,20606,20595,0.904916736236214
"4058_26_L001_R1_001.fastq.gz",18028,17541,17106,17284,16225,16209,0.899101397825605
"4059_153_L001_R1_001.fastq.gz",23376,22732,22281,22443,21037,20844,0.891683778234086
"4060_157_L001_R1_001.fastq.gz",26986,26483,26110,26259,24946,24904,0.922848884606833
"4061_9_L001_R1_001.fastq.gz",20604,20266,20008,20080,19415,19323,0.937827606290041
"4062_241_L001_R1_001.fastq.gz",15701,15423,15237,15209,14515,14494,0.92312591554678
"4063_19_L001_R1_001.fastq.gz",24819,24328,24095,24080,23185,23053,0.928844836617108
"4064_243_L001_R1_001.fastq.gz",12317,12133,12013,12057,11719,11584,0.940488755378745
"4065_168_L001_R1_001.fastq.gz",17531,17195,16979,17018,16059,15956,0.910159146654498
"4066_156_L001_R1_001.fastq.gz",38154,37076,36540,36843,35488,35260,0.92414949939718
"4067_320_L001_R1_001.fastq.gz",31894,31363,31165,31018,29442,29248,0.917037687339311
"4068_82_L001_R1_001.fastq.gz",23875,23174,22855,22916,21983,21978,0.920544502617801
"4069_220_L001_R1_001.fastq.gz",17574,17202,16946,17024,16244,16200,0.921816319562991
"4070_45_L001_R1_001.fastq.gz",15655,15320,15178,15129,14542,14515,0.927179814755669
"4071_355_L001_R1_001.fastq.gz",23019,22560,22199,22356,21407,21198,0.920891437508145
"4072_235_L001_R1_001.fastq.gz",34979,34034,33598,33610,32324,32196,0.920437977071958
"4073_201_L001_R1_001.fastq.gz",23166,22778,22565,22556,21678,21545,0.930026763360097
"4074_360_L001_R1_001.fastq.gz",18192,17875,17686,17728,17139,16999,0.934421723834653
"4075_36_L001_R1_001.fastq.gz",22852,22501,22260,22276,21441,21274,0.93094696306669
"4076_40_L001_R1_001.fastq.gz",57208,56029,55606,55586,54083,53729,0.9391868270172
"4077_344_L001_R1_001.fastq.gz",22269,21840,21595,21441,20569,20448,0.918227131887377
"4078_333_L001_R1_001.fastq.gz",13614,13465,13212,13273,12614,12564,0.922873512560599
"4079_225_L001_R1_001.fastq.gz",37653,36790,36344,36410,34981,34928,0.927628608610204
"4080_103_L001_R1_001.fastq.gz",42419,41468,40874,41068,39462,39020,0.919870812607558
"4081_283_L001_R1_001.fastq.gz",21958,21489,21240,21204,20468,20247,0.922078513525822
"4082_248_L001_R1_001.fastq.gz",16878,16597,16449,16474,16022,15926,0.943595212702927
"4083_279_L001_R1_001.fastq.gz",18411,17953,17678,17702,16851,16817,0.913421324208354
"4084_98_L001_R1_001.fastq.gz",15992,15708,15535,15547,14653,14619,0.914144572286143
"4085_176_L001_R1_001.fastq.gz",30403,29840,29579,29527,28428,28075,0.923428609018847
"4086_310_L001_R1_001.fastq.gz",29530,28661,28125,28289,26532,26486,0.896918388079919
"4087_52_L001_R1_001.fastq.gz",30529,29691,29338,29274,27743,27630,0.905041108454257
"4088_149_L001_R1_001.fastq.gz",25056,24653,24354,24414,23663,23550,0.939894636015326
"4089_380_L001_R1_001.fastq.gz",22010,21713,21525,21535,20813,20527,0.932621535665607
"4090_224_L001_R1_001.fastq.gz",28607,28040,27639,27873,26582,26359,0.921417834795679
"4091_160_L001_R1_001.fastq.gz",17028,16734,16540,16595,15869,15857,0.931230913789053
"4092_56_L001_R1_001.fastq.gz",19267,18901,18633,18678,17667,17631,0.915087974256501
"4093_51_L001_R1_001.fastq.gz",15155,14767,14569,14604,13897,13884,0.916133289343451
"4094_365_L001_R1_001.fastq.gz",8717,8622,8525,8529,8156,8141,0.933922220947574
"4095_293_L001_R1_001.fastq.gz",13368,13225,13019,13022,12388,12388,0.926690604428486
"4096_323_L001_R1_001.fastq.gz",21784,21302,21012,21085,20261,20243,0.92926000734484
"4097_92_L001_R1_001.fastq.gz",18786,18435,18299,18313,17726,17615,0.937666347279889
"4098_307_L001_R1_001.fastq.gz",17137,16814,16607,16667,15818,15787,0.921223084553889
"4099_246_L001_R1_001.fastq.gz",19620,19138,18923,18889,18133,18112,0.923139653414883
"4100_209_L001_R1_001.fastq.gz",20275,19730,19363,19290,18104,18058,0.890653514180025
"4101_60_L001_R1_001.fastq.gz",20551,20028,19689,19817,18839,18839,0.916695051335701
"4102_50_L001_R1_001.fastq.gz",19074,18714,18600,18580,18167,17534,0.919261822376009
"4103_386_L001_R1_001.fastq.gz",15240,14896,14650,14734,13911,13896,0.911811023622047
"4104_350_L001_R1_001.fastq.gz",18574,18139,17916,17902,17063,17024,0.91655001615161
"4105_37_L001_R1_001.fastq.gz",13819,13405,13186,13276,12616,12604,0.91207757435415
"4106_287_L001_R1_001.fastq.gz",15783,15482,15293,15383,14839,14809,0.938288031426218
"4107_115_L001_R1_001.fastq.gz",17008,16542,16327,16369,15501,15485,0.910453904045155
"4108_171_L001_R1_001.fastq.gz",16002,15599,15384,15408,14621,14610,0.913010873640795
"4109_370_L001_R1_001.fastq.gz",10301,10166,10046,10035,9722,9712,0.942821085331521
"4110_152_L001_R1_001.fastq.gz",12829,12578,12447,12431,11981,11930,0.929924390053784
"4111_394_L001_R1_001.fastq.gz",14050,13773,13550,13656,13106,12993,0.924768683274021
"4112_169_L001_R1_001.fastq.gz",14541,14270,14113,14171,13630,13580,0.933911010246888
"4113_43_L001_R1_001.fastq.gz",21486,20869,20471,20577,19407,19369,0.901470725123336
"4114_158_L001_R1_001.fastq.gz",11786,11604,11499,11534,11278,11176,0.948243678941117
"4115_101_L001_R1_001.fastq.gz",25131,24640,24317,24438,23386,23378,0.930245513509212
"4116_197_L001_R1_001.fastq.gz",18190,17754,17496,17611,16694,16677,0.916822429906542
"4117_31_L001_R1_001.fastq.gz",20958,20227,19842,20067,18487,18381,0.877039793873461
"4118_151_L001_R1_001.fastq.gz",12565,12279,12047,12135,11380,11365,0.90449661758854
"4119_387_L001_R1_001.fastq.gz",11832,11454,11115,11068,10213,10206,0.862576064908722
"4120_61_L001_R1_001.fastq.gz",12915,12697,12481,12543,11742,11737,0.90878823073945
"4121_109_L001_R1_001.fastq.gz",13025,12626,12478,12488,11890,11870,0.911324376199616
"4122_125_L001_R1_001.fastq.gz",16047,15622,15403,15494,14860,14791,0.921729918364803
"4123_249_L001_R1_001.fastq.gz",13721,13359,13096,13241,12299,12292,0.895853071933533
"4124_391_L001_R1_001.fastq.gz",13053,12690,12544,12271,11643,11628,0.890829694323144
"4125_91_L001_R1_001.fastq.gz",13886,13618,13361,13445,12677,12671,0.912501800374478
"4126_127_L001_R1_001.fastq.gz",16911,16423,16215,16287,15541,15509,0.917095381704216
"4127_389_L001_R1_001.fastq.gz",14693,14294,14054,14160,13358,13322,0.906690260668345
"4128_119_L001_R1_001.fastq.gz",12097,11874,11822,11816,11484,11412,0.943374390344714
"4129_328_L001_R1_001.fastq.gz",14964,14660,14461,14522,13923,13876,0.927292167869554
"4130_378_L001_R1_001.fastq.gz",12146,11846,11633,11342,10731,10723,0.882842087930183
"4131_215_L001_R1_001.fastq.gz",13827,13488,13323,13337,12877,12860,0.930064366818543
"4132_212_L001_R1_001.fastq.gz",13965,13711,13531,13532,12841,12825,0.918367346938776
"4133_379_L001_R1_001.fastq.gz",8219,8130,8063,8034,7594,7590,0.923470008516851
"4134_143_L001_R1_001.fastq.gz",11478,11243,11095,11157,10679,10655,0.928297612824534
"4135_177_L001_R1_001.fastq.gz",15178,14816,14619,14635,13749,13741,0.905323494531559
"4136_361_L001_R1_001.fastq.gz",13073,12773,12607,12648,12103,12096,0.925265815038629
"4137_369_L001_R1_001.fastq.gz",6512,6425,6374,6375,6067,6061,0.930743243243243
"4138_112_L001_R1_001.fastq.gz",12045,11854,11745,11768,11286,11264,0.935159817351598
"4139_172_L001_R1_001.fastq.gz",10994,10743,10599,10579,10029,9953,0.905311988357286
"4140_257_L001_R1_001.fastq.gz",15582,15297,15083,15141,14640,14623,0.938454627133872
"4141_354_L001_R1_001.fastq.gz",14098,13740,13542,13569,12921,12881,0.913675698680664
"4142_254_L001_R1_001.fastq.gz",20093,19642,19315,19401,18513,18356,0.913551983277758
"4143_83_L001_R1_001.fastq.gz",20239,19975,19859,19837,19313,19201,0.948712881071199
"4144_48_L001_R1_001.fastq.gz",15055,14789,14571,14655,14185,14123,0.938093656592494
"4145_29_L001_R1_001.fastq.gz",12698,12446,12270,12309,11781,11696,0.921089935422901
"4146_259_L001_R1_001.fastq.gz",11741,11541,11415,11365,11039,10944,0.932118218209693
"4147_326_L001_R1_001.fastq.gz",15994,15556,15332,15421,14472,14461,0.904151556833813
"4148_299_L001_R1_001.fastq.gz",14714,14394,14120,14157,13355,13348,0.90716324588827
"4149_274_L001_R1_001.fastq.gz",12927,12619,12306,12426,11773,11766,0.910187978649339
"4150_71_L001_R1_001.fastq.gz",15584,15161,14936,14912,14014,13998,0.898228952772074
"4151_244_L001_R1_001.fastq.gz",22860,22367,22107,22159,21277,21140,0.924759405074366
"4152_87_L001_R1_001.fastq.gz",18170,17695,17458,17493,16431,16422,0.90379746835443
"4153_319_L001_R1_001.fastq.gz",18448,17953,17611,17708,16606,16552,0.897224631396357
"4154_261_L001_R1_001.fastq.gz",10444,10319,10223,10244,9811,9784,0.93680582152432
"4155_384_L001_R1_001.fastq.gz",15705,15383,15192,14962,14099,14083,0.896720789557466
"4156_305_L001_R1_001.fastq.gz",15712,15360,15188,15202,14497,14474,0.921206720977597
"4157_327_L001_R1_001.fastq.gz",16658,16180,15859,15948,14813,14785,0.887561531996638
"4158_204_L001_R1_001.fastq.gz",13149,12932,12802,12835,12320,12304,0.935736557913149
"4159_345_L001_R1_001.fastq.gz",17599,17176,16851,16967,16028,15989,0.90851752940508
"4160_135_L001_R1_001.fastq.gz",15802,15458,15218,15289,14409,14381,0.910074674091887
"4161_24_L001_R1_001.fastq.gz",20536,20141,19814,19890,19198,18969,0.923694974678613
"4162_362_L001_R1_001.fastq.gz",20889,20433,20071,20170,19400,19326,0.925175929915266
"4163_373_L001_R1_001.fastq.gz",15208,14951,14785,14829,14216,14173,0.931943713834824
"4164_89_L001_R1_001.fastq.gz",29052,28389,28057,28121,26650,26633,0.916735508742944
"4165_132_L001_R1_001.fastq.gz",44327,43111,42477,42244,40097,39940,0.901030974349719
"4166_73_L001_R1_001.fastq.gz",24715,24123,23759,23949,22935,22843,0.924256524377908
"4167_268_L001_R1_001.fastq.gz",18462,18078,17806,17839,17110,17103,0.926389340266493
"4168_316_L001_R1_001.fastq.gz",17254,16908,16718,16766,16046,15992,0.926857540280515
"4169_146_L001_R1_001.fastq.gz",27167,26288,25749,25992,24699,24640,0.906982736408142
"4170_324_L001_R1_001.fastq.gz",18929,18530,18290,18370,17506,17493,0.924137566696603
"4171_59_L001_R1_001.fastq.gz",20872,20300,20102,20091,19451,19415,0.930193560751246
"4172_2_L001_R1_001.fastq.gz",27394,26713,26333,26448,25248,25168,0.918741330218296
"4173_38_L001_R1_001.fastq.gz",15605,15161,14928,14813,13563,13344,0.855110541493111
"4174_221_L001_R1_001.fastq.gz",32139,31497,31067,31213,29907,29479,0.917234512585955
"4175_363_L001_R1_001.fastq.gz",16052,15735,15549,15244,14454,14431,0.89901569897832
"4176_385_L001_R1_001.fastq.gz",12263,11929,11660,11716,11185,11157,0.909809997553617
"4177_142_L001_R1_001.fastq.gz",11410,11167,11021,10867,10186,10128,0.887642418930762
"4178_193_L001_R1_001.fastq.gz",14905,14661,14439,14402,13827,13815,0.926870177792687
"4179_163_L001_R1_001.fastq.gz",16520,16084,15822,15844,15118,15114,0.914891041162228
"4180_281_L001_R1_001.fastq.gz",7895,7798,7686,7670,7360,7329,0.928309056364788
"4181_357_L001_R1_001.fastq.gz",22199,21698,21459,21417,20312,20274,0.913284382179377
"4182_65_L001_R1_001.fastq.gz",14812,14459,14216,14273,13520,13504,0.911693221712125
"4183_141_L001_R1_001.fastq.gz",19318,18943,18748,18731,17935,17849,0.923956931359354
"4184_105_L001_R1_001.fastq.gz",16030,15573,15257,15429,14598,14567,0.908733624454149
"4185_74_L001_R1_001.fastq.gz",15173,14849,14699,14702,14120,14061,0.926711922493904
"4186_245_L001_R1_001.fastq.gz",18885,18491,18316,17900,17039,17029,0.901720942546995
"4187_343_L001_R1_001.fastq.gz",16625,16200,15968,16007,15302,15299,0.920240601503759
"4188_286_L001_R1_001.fastq.gz",13111,12851,12693,12705,11991,11976,0.913431469758218
"4189_69_L001_R1_001.fastq.gz",17597,17126,16877,16916,15949,15901,0.90361993521623
"4190_381_L001_R1_001.fastq.gz",8448,8276,8113,8181,7693,7685,0.909682765151515
"4191_371_L001_R1_001.fastq.gz",16533,16241,16048,16073,15405,15306,0.925784794048267
"4192_334_L001_R1_001.fastq.gz",18161,17796,17652,17629,16934,16904,0.930785749683387
"4193_226_L001_R1_001.fastq.gz",13982,13632,13491,13478,12773,12749,0.911815190959805
"4194_106_L001_R1_001.fastq.gz",17407,17050,16866,16802,16256,16167,0.928764290228069
"4195_280_L001_R1_001.fastq.gz",16671,16370,16191,16196,15554,15493,0.929338372023274
"4196_289_L001_R1_001.fastq.gz",12112,11793,11581,11315,10421,10377,0.856753632760898
"4197_390_L001_R1_001.fastq.gz",15144,14667,14403,14431,13658,13646,0.90108293713682
"4198_86_L001_R1_001.fastq.gz",19975,19637,19422,19388,18502,18398,0.921051314142678
"4199_230_L001_R1_001.fastq.gz",14927,14619,14402,14483,13851,13814,0.925437127353119
"4200_214_L001_R1_001.fastq.gz",20898,20436,20271,20334,19836,19467,0.931524547803618
"4201_356_L001_R1_001.fastq.gz",15647,15371,15224,15262,14746,14628,0.93487569502141
"4202_367_L001_R1_001.fastq.gz",16653,16355,16157,16181,15360,15345,0.921455593586741
"4203_318_L001_R1_001.fastq.gz",10321,10072,9923,9863,8914,8912,0.863482220715047
"4204_337_L001_R1_001.fastq.gz",10053,9852,9696,9668,9146,9130,0.908186610961902
"4205_374_L001_R1_001.fastq.gz",7702,7579,7471,7466,7208,7206,0.935601142560374
"4206_231_L001_R1_001.fastq.gz",19920,19357,19009,19085,18263,18224,0.914859437751004
"4207_234_L001_R1_001.fastq.gz",23113,22554,22273,22319,21204,21188,0.91671353783585
"4208_174_L001_R1_001.fastq.gz",17209,16785,16565,16638,16058,15972,0.928119007496078
"4209_187_L001_R1_001.fastq.gz",22093,21621,21357,21220,20101,19984,0.904539899515684
"4210_117_L001_R1_001.fastq.gz",29286,28592,28155,28306,27152,27033,0.923069043228847
"4211_375_L001_R1_001.fastq.gz",14263,13925,13632,13727,13107,13072,0.916497230596649
"4212_366_L001_R1_001.fastq.gz",28749,28129,27771,27818,26886,26853,0.934049879995826
"4213_312_L001_R1_001.fastq.gz",25553,24904,24609,24632,23577,23413,0.916252494814699
"4214_144_L001_R1_001.fastq.gz",20521,20063,19874,19806,19124,19097,0.930607670191511
"4215_338_L001_R1_001.fastq.gz",22714,22272,21964,21971,20811,20758,0.913885709254204
"4216_256_L001_R1_001.fastq.gz",21796,21376,21109,21170,20159,20150,0.924481556248853
"4217_155_L001_R1_001.fastq.gz",18080,17708,17501,17561,16733,16705,0.923949115044248
"4218_368_L001_R1_001.fastq.gz",22296,21749,21344,21471,20358,20333,0.911957301758163
"4219_192_L001_R1_001.fastq.gz",24154,23549,23263,23307,22237,22175,0.918067400844581
"4220_210_L001_R1_001.fastq.gz",19658,19198,18852,18960,17820,17786,0.904771594261878
"4221_128_L001_R1_001.fastq.gz",30507,29789,29344,29551,28016,27813,0.911692398465926
"4222_292_L001_R1_001.fastq.gz",3382,3314,3240,3259,3054,3051,0.902128917800118
"4223_85_L001_R1_001.fastq.gz",21789,21292,20927,21061,19955,19817,0.909495617054477
"4224_96_L001_R1_001.fastq.gz",26184,25470,25021,25263,23597,23549,0.899366025053468
"4225_388_L001_R1_001.fastq.gz",6180,6121,6065,6021,5836,5827,0.942880258899676
"4226_181_L001_R1_001.fastq.gz",17021,16715,16545,16545,15830,15817,0.929263850537571
"4227_282_L001_R1_001.fastq.gz",16691,16458,16297,16290,15689,15654,0.937870708765203
"4228_383_L001_R1_001.fastq.gz",18251,17915,17728,17754,17149,16865,0.924058955673662
"4229_75_L001_R1_001.fastq.gz",23625,23099,22821,22813,21870,21847,0.924740740740741
"4230_93_L001_R1_001.fastq.gz",19207,18867,18628,18698,17975,17939,0.93398240224918
"4231_262_L001_R1_001.fastq.gz",20584,20186,19991,20033,19203,18962,0.921200932763311
"4232_175_L001_R1_001.fastq.gz",19950,19653,19441,19487,19095,18994,0.952080200501253
"4233_269_L001_R1_001.fastq.gz",25355,24881,24562,24678,23585,23487,0.926326168408598
"4234_33_L001_R1_001.fastq.gz",27276,26515,26137,26248,25028,24868,0.911717260595395
"4235_34_L001_R1_001.fastq.gz",27819,27432,27247,27263,26604,26528,0.953592868183616
"4236_70_L001_R1_001.fastq.gz",36375,35306,34741,34438,32645,32448,0.892041237113402
"4237_145_L001_R1_001.fastq.gz",30175,29579,29249,29377,28172,27889,0.924241922120961
"4238_303_L001_R1_001.fastq.gz",14025,13760,13632,13636,13122,13017,0.928128342245989
"4239_184_L001_R1_001.fastq.gz",24134,23736,23572,23476,22566,22370,0.926908096461424
"4240_205_L001_R1_001.fastq.gz",42755,41746,41170,41344,39575,39317,0.919588352239504
"4241_186_L001_R1_001.fastq.gz",26427,25941,25698,25703,24718,24670,0.933514965754721
"4242_185_L001_R1_001.fastq.gz",31779,31097,30769,30843,29494,29240,0.920104471506341
"4243_88_L001_R1_001.fastq.gz",36502,35690,35227,35277,33431,33075,0.906114733439264
"4244_54_L001_R1_001.fastq.gz",40212,39220,38781,38707,36864,36334,0.90356112603203
"4245_236_L001_R1_001.fastq.gz",36457,35633,35135,35294,33703,33585,0.921222261842719
"4246_393_L001_R1_001.fastq.gz",676,664,618,626,479,479,0.708579881656805
